Trait,Correlation
Extroversion,-0.19119510495960848
Neuroticism,0.03842408763428861
Agreeableness,0.027003491266585702
Conscientiousness,-0.024989031569684097
Openness,0.09915749375714843
