,Extroversion,Neuroticism,Agreeableness,Conscientiousness,Openness
count,8.0,8.0,8.0,8.0,8.0
mean,0.5027869664487384,0.49509711984899785,0.5414268277762901,0.5268986817271937,0.5567096732290728
std,0.02764121427824863,0.009338973994279005,0.008519402144902322,0.03742564902460119,0.03492162398788362
min,0.4727696999907493,0.4763345271348953,0.5246883481740952,0.4692680835723877,0.5152919664978981
25%,0.48184344470500945,0.49158667027950287,0.5401100888848305,0.506467167288065,0.5362336539796421
50%,0.4929431213864258,0.4977525467319148,0.5438268567834581,0.5285425305366516,0.5449600458145142
75%,0.5251064114272594,0.4992150254547596,0.5465343371033669,0.5397884829768113,0.578672930598259
max,0.5435574650764465,0.5075187236070633,0.5498268008232117,0.5840323567390442,0.6156196594238281
